索引,唯一ID(int),名称,等级,模型ID(string),属性,"是否有重击,或者远程近战[0是没有1是有](0/1)",技能ID,"攻击类型[近战,远程,特殊,等等](1,2,3,..)"
index,ID,name,level,resname,attribute,haveCrit,skill,attackType
0,1,保安,1,h_jailer,"1,1;2,5;3,3;4,1;5,3;6,0.7;7,100;8,0",0,0,1
1,1,保安,2,h_jailer,"1,1;2,5;3,3;4,1;5,3;6,0.7;7,100;8,0",0,0,1
2,1,保安,3,h_jailer,"1,1;2,5;3,3;4,1;5,3;6,0.7;7,100;8,0",0,0,1
3,1,保安,4,h_jailer,"1,1;2,5;3,3;4,1;5,3;6,0.7;7,100;8,0",0,0,1
4,1,保安,5,h_jailer,"1,1;2,5;3,3;4,1;5,3;6,0.7;7,100;8,0",0,0,1
5,1,保安,6,h_jailer,"1,1;2,5;3,3;4,1;5,3;6,0.7;7,100;8,0",0,0,1
6,1,保安,7,h_jailer,"1,1;2,5;3,3;4,1;5,3;6,0.7;7,100;8,0",0,0,1
7,1,保安,8,h_jailer,"1,1;2,5;3,3;4,1;5,3;6,0.7;7,100;8,0",0,0,1
8,1,保安,9,h_jailer,"1,1;2,5;3,3;4,1;5,3;6,0.7;7,100;8,0",0,0,1
9,1,保安,10,h_jailer,"1,1;2,5;3,3;4,1;5,3;6,0.7;7,100;8,0",0,0,1
10,2,FBI-1,1,h_agent,"1,1;2,5;3,0;4,0.5;5,3;6,3;7,100;8,0",0,0,2
11,2,FBI-1,2,h_agent,"1,1;2,5;3,0;4,0.5;5,3;6,3;7,100;8,0",0,0,2
12,2,FBI-1,3,h_agent,"1,1;2,5;3,0;4,0.5;5,3;6,3;7,100;8,0",0,0,2
13,2,FBI-1,4,h_agent,"1,1;2,5;3,0;4,0.5;5,3;6,3;7,100;8,0",0,0,2
14,2,FBI-1,5,h_agent,"1,1;2,5;3,0;4,0.5;5,3;6,3;7,100;8,0",0,0,2
15,2,FBI-1,6,h_agent,"1,1;2,5;3,0;4,0.5;5,3;6,3;7,100;8,0",0,0,2
16,2,FBI-1,7,h_agent,"1,1;2,5;3,0;4,0.5;5,3;6,3;7,100;8,0",0,0,2
17,2,FBI-1,8,h_agent,"1,1;2,5;3,0;4,0.5;5,3;6,3;7,100;8,0",0,0,2
18,2,FBI-1,9,h_agent,"1,1;2,5;3,0;4,0.5;5,3;6,3;7,100;8,0",0,0,2
19,2,FBI-1,10,h_agent,"1,1;2,5;3,0;4,0.5;5,3;6,3;7,100;8,0",0,0,2
20,3,FBI-2,1,h_agent002,"1,1;2,5;3,0;4,0.5;5,3;6,3;7,100;8,0",0,0,2
21,3,FBI-2,2,h_agent002,"1,1;2,5;3,0;4,0.5;5,3;6,3;7,100;8,0",0,0,2
22,3,FBI-2,3,h_agent002,"1,1;2,5;3,0;4,0.5;5,3;6,3;7,100;8,0",0,0,2
23,3,FBI-2,4,h_agent002,"1,1;2,5;3,0;4,0.5;5,3;6,3;7,100;8,0",0,0,2
24,3,FBI-2,5,h_agent002,"1,1;2,5;3,0;4,0.5;5,3;6,3;7,100;8,0",0,0,2
25,3,FBI-2,6,h_agent002,"1,1;2,5;3,0;4,0.5;5,3;6,3;7,100;8,0",0,0,2
26,3,FBI-2,7,h_agent002,"1,1;2,5;3,0;4,0.5;5,3;6,3;7,100;8,0",0,0,2
27,3,FBI-2,8,h_agent002,"1,1;2,5;3,0;4,0.5;5,3;6,3;7,100;8,0",0,0,2
28,3,FBI-2,9,h_agent002,"1,1;2,5;3,0;4,0.5;5,3;6,3;7,100;8,0",0,0,2
29,3,FBI-2,10,h_agent002,"1,1;2,5;3,0;4,0.5;5,3;6,3;7,100;8,0",0,0,2
30,4,医疗兵,1,h_medic,"1,1.5;2,5;3,0;4,1;5,3;6,5;7,100;8,0",0,"2,3",2
31,4,医疗兵,2,h_medic,"1,1.5;2,5;3,0;4,1;5,3;6,5;7,100;8,0",0,"2,3",2
32,4,医疗兵,3,h_medic,"1,1.5;2,5;3,0;4,1;5,3;6,5;7,100;8,0",0,"2,3",2
33,4,医疗兵,4,h_medic,"1,1.5;2,5;3,0;4,1;5,3;6,5;7,100;8,0",0,"2,3",2
34,4,医疗兵,5,h_medic,"1,1.5;2,5;3,0;4,1;5,3;6,5;7,100;8,0",0,"2,3",2
35,4,医疗兵,6,h_medic,"1,1.5;2,5;3,0;4,1;5,3;6,5;7,100;8,0",0,"2,3",2
36,4,医疗兵,7,h_medic,"1,1.5;2,5;3,0;4,1;5,3;6,5;7,100;8,0",0,"2,3",2
37,4,医疗兵,8,h_medic,"1,1.5;2,5;3,0;4,1;5,3;6,5;7,100;8,0",0,"2,3",2
38,4,医疗兵,9,h_medic,"1,1.5;2,5;3,0;4,1;5,3;6,5;7,100;8,0",0,"2,3",2
39,4,医疗兵,10,h_medic,"1,1.5;2,5;3,0;4,1;5,3;6,5;7,100;8,0",0,"2,3",2
40,5,空降兵,1,h_specops,"1,0.5;2,15;3,0;4,1;5,3;6,5;7,100;8,0",0,0,2
41,5,空降兵,2,h_specops,"1,0.5;2,15;3,0;4,1;5,3;6,5;7,100;8,0",0,0,2
42,5,空降兵,3,h_specops,"1,0.5;2,15;3,0;4,1;5,3;6,5;7,100;8,0",0,0,2
43,5,空降兵,4,h_specops,"1,0.5;2,15;3,0;4,1;5,3;6,5;7,100;8,0",0,0,2
44,5,空降兵,5,h_specops,"1,0.5;2,15;3,0;4,1;5,3;6,5;7,100;8,0",0,0,2
45,5,空降兵,6,h_specops,"1,0.5;2,15;3,0;4,1;5,3;6,5;7,100;8,0",0,0,2
46,5,空降兵,7,h_specops,"1,0.5;2,15;3,0;4,1;5,3;6,5;7,100;8,0",0,0,2
47,5,空降兵,8,h_specops,"1,0.5;2,15;3,0;4,1;5,3;6,5;7,100;8,0",0,0,2
48,5,空降兵,9,h_specops,"1,0.5;2,15;3,0;4,1;5,3;6,5;7,100;8,0",0,0,2
49,5,空降兵,10,h_specops,"1,0.5;2,15;3,0;4,1;5,3;6,5;7,100;8,0",0,0,2
50,6,屠夫,1,h_berserker,"1,1;2,15;3,3;4,1;5,3;6,0.7;7,100;8,0",0,0,1
51,6,屠夫,2,h_berserker,"1,1;2,15;3,3;4,1;5,3;6,0.7;7,100;8,0",0,0,1
52,6,屠夫,3,h_berserker,"1,1;2,15;3,3;4,1;5,3;6,0.7;7,100;8,0",0,0,1
53,6,屠夫,4,h_berserker,"1,1;2,15;3,3;4,1;5,3;6,0.7;7,100;8,0",0,0,1
54,6,屠夫,5,h_berserker,"1,1;2,15;3,3;4,1;5,3;6,0.7;7,100;8,0",0,0,1
55,6,屠夫,6,h_berserker,"1,1;2,15;3,3;4,1;5,3;6,0.7;7,100;8,0",0,0,1
56,6,屠夫,7,h_berserker,"1,1;2,15;3,3;4,1;5,3;6,0.7;7,100;8,0",0,0,1
57,6,屠夫,8,h_berserker,"1,1;2,15;3,3;4,1;5,3;6,0.7;7,100;8,0",0,0,1
58,6,屠夫,9,h_berserker,"1,1;2,15;3,3;4,1;5,3;6,0.7;7,100;8,0",0,0,1
59,6,屠夫,10,h_berserker,"1,1;2,15;3,3;4,1;5,3;6,0.7;7,100;8,0",0,0,1
60,7,电锯,1,h_saw,"1,1;2,15;3,3;4,1;5,3;6,0.7;7,100;8,0",0,0,1
61,7,电锯,2,h_saw,"1,1;2,15;3,3;4,1;5,3;6,0.7;7,100;8,0",0,0,1
62,7,电锯,3,h_saw,"1,1;2,15;3,3;4,1;5,3;6,0.7;7,100;8,0",0,0,1
63,7,电锯,4,h_saw,"1,1;2,15;3,3;4,1;5,3;6,0.7;7,100;8,0",0,0,1
64,7,电锯,5,h_saw,"1,1;2,15;3,3;4,1;5,3;6,0.7;7,100;8,0",0,0,1
65,7,电锯,6,h_saw,"1,1;2,15;3,3;4,1;5,3;6,0.7;7,100;8,0",0,0,1
66,7,电锯,7,h_saw,"1,1;2,15;3,3;4,1;5,3;6,0.7;7,100;8,0",0,0,1
67,7,电锯,8,h_saw,"1,1;2,15;3,3;4,1;5,3;6,0.7;7,100;8,0",0,0,1
68,7,电锯,9,h_saw,"1,1;2,15;3,3;4,1;5,3;6,0.7;7,100;8,0",0,0,1
69,7,电锯,10,h_saw,"1,1;2,15;3,3;4,1;5,3;6,0.7;7,100;8,0",0,0,1
70,8,女王,1,h_queen,"1,1;2,15;3,3;4,1;5,3;6,3;7,100;8,0",0,0,1
71,8,女王,2,h_queen,"1,1;2,15;3,3;4,1;5,3;6,3;7,100;8,0",0,0,1
72,8,女王,3,h_queen,"1,1;2,15;3,3;4,1;5,3;6,3;7,100;8,0",0,0,1
73,8,女王,4,h_queen,"1,1;2,15;3,3;4,1;5,3;6,3;7,100;8,0",0,0,1
74,8,女王,5,h_queen,"1,1;2,15;3,3;4,1;5,3;6,3;7,100;8,0",0,0,1
75,8,女王,6,h_queen,"1,1;2,15;3,3;4,1;5,3;6,3;7,100;8,0",0,0,1
76,8,女王,7,h_queen,"1,1;2,15;3,3;4,1;5,3;6,3;7,100;8,0",0,0,1
77,8,女王,8,h_queen,"1,1;2,15;3,3;4,1;5,3;6,3;7,100;8,0",0,0,1
78,8,女王,9,h_queen,"1,1;2,15;3,3;4,1;5,3;6,3;7,100;8,0",0,0,1
79,8,女王,10,h_queen,"1,1;2,15;3,3;4,1;5,3;6,3;7,100;8,0",0,0,1
80,9,小丑,1,h_austin,"1,1;2,15;3,3;4,1;5,3;6,3;7,100;8,0",0,0,2
81,9,小丑,2,h_austin,"1,1;2,15;3,3;4,1;5,3;6,3;7,100;8,0",0,0,2
82,9,小丑,3,h_austin,"1,1;2,15;3,3;4,1;5,3;6,3;7,100;8,0",0,0,2
83,9,小丑,4,h_austin,"1,1;2,15;3,3;4,1;5,3;6,3;7,100;8,0",0,0,2
84,9,小丑,5,h_austin,"1,1;2,15;3,3;4,1;5,3;6,3;7,100;8,0",0,0,2
85,9,小丑,6,h_austin,"1,1;2,15;3,3;4,1;5,3;6,3;7,100;8,0",0,0,2
86,9,小丑,7,h_austin,"1,1;2,15;3,3;4,1;5,3;6,3;7,100;8,0",0,0,2
87,9,小丑,8,h_austin,"1,1;2,15;3,3;4,1;5,3;6,3;7,100;8,0",0,0,2
88,9,小丑,9,h_austin,"1,1;2,15;3,3;4,1;5,3;6,3;7,100;8,0",0,0,2
89,9,小丑,10,h_austin,"1,1;2,15;3,3;4,1;5,3;6,3;7,100;8,0",0,0,2
90,10,防暴盾牌兵,1,h_heavyguard,"1,1;2,10;3,3;4,1;5,4;6,0.7;7,150;8,5",0,0,1
91,10,防暴盾牌兵,2,h_heavyguard,"1,1;2,10;3,3;4,1;5,4;6,0.7;7,150;8,5",0,0,1
92,10,防暴盾牌兵,3,h_heavyguard,"1,1;2,10;3,3;4,1;5,4;6,0.7;7,150;8,5",0,0,1
93,10,防暴盾牌兵,4,h_heavyguard,"1,1;2,10;3,3;4,1;5,4;6,0.7;7,150;8,5",0,0,1
94,10,防暴盾牌兵,5,h_heavyguard,"1,1;2,10;3,3;4,1;5,4;6,0.7;7,150;8,5",0,0,1
95,10,防暴盾牌兵,6,h_heavyguard,"1,1;2,10;3,3;4,1;5,4;6,0.7;7,150;8,5",0,0,1
96,10,防暴盾牌兵,7,h_heavyguard,"1,1;2,10;3,3;4,1;5,4;6,0.7;7,150;8,5",0,0,1
97,10,防暴盾牌兵,8,h_heavyguard,"1,1;2,10;3,3;4,1;5,4;6,0.7;7,150;8,5",0,0,1
98,10,防暴盾牌兵,9,h_heavyguard,"1,1;2,10;3,3;4,1;5,4;6,0.7;7,150;8,5",0,0,1
99,10,防暴盾牌兵,10,h_heavyguard,"1,1;2,10;3,3;4,1;5,4;6,0.7;7,150;8,5",0,0,1
100,11,防暴卫战士,1,h_guard,"1,1;2,10;3,3;4,1;5,4;6,0.7;7,150;8,5",0,0,1
101,11,防暴卫战士,2,h_guard,"1,1;2,10;3,3;4,1;5,4;6,0.7;7,150;8,5",0,0,1
102,11,防暴卫战士,3,h_guard,"1,1;2,10;3,3;4,1;5,4;6,0.7;7,150;8,5",0,0,1
103,11,防暴卫战士,4,h_guard,"1,1;2,10;3,3;4,1;5,4;6,0.7;7,150;8,5",0,0,1
104,11,防暴卫战士,5,h_guard,"1,1;2,10;3,3;4,1;5,4;6,0.7;7,150;8,5",0,0,1
105,11,防暴卫战士,6,h_guard,"1,1;2,10;3,3;4,1;5,4;6,0.7;7,150;8,5",0,0,1
106,11,防暴卫战士,7,h_guard,"1,1;2,10;3,3;4,1;5,4;6,0.7;7,150;8,5",0,0,1
107,11,防暴卫战士,8,h_guard,"1,1;2,10;3,3;4,1;5,4;6,0.7;7,150;8,5",0,0,1
108,11,防暴卫战士,9,h_guard,"1,1;2,10;3,3;4,1;5,4;6,0.7;7,150;8,5",0,0,1
109,11,防暴卫战士,10,h_guard,"1,1;2,10;3,3;4,1;5,4;6,0.7;7,150;8,5",0,0,1
110,12,防暴掷弹兵,1,h_grenader,"1,1;2,10;3,3;4,1;5,4;6,3;7,150;8,5",0,0,1
111,12,防暴掷弹兵,2,h_grenader,"1,1;2,10;3,3;4,1;5,4;6,3;7,150;8,5",0,0,1
112,12,防暴掷弹兵,3,h_grenader,"1,1;2,10;3,3;4,1;5,4;6,3;7,150;8,5",0,0,1
113,12,防暴掷弹兵,4,h_grenader,"1,1;2,10;3,3;4,1;5,4;6,3;7,150;8,5",0,0,1
114,12,防暴掷弹兵,5,h_grenader,"1,1;2,10;3,3;4,1;5,4;6,3;7,150;8,5",0,0,1
115,12,防暴掷弹兵,6,h_grenader,"1,1;2,10;3,3;4,1;5,4;6,3;7,150;8,5",0,0,1
116,12,防暴掷弹兵,7,h_grenader,"1,1;2,10;3,3;4,1;5,4;6,3;7,150;8,5",0,0,1
117,12,防暴掷弹兵,8,h_grenader,"1,1;2,10;3,3;4,1;5,4;6,3;7,150;8,5",0,0,1
118,12,防暴掷弹兵,9,h_grenader,"1,1;2,10;3,3;4,1;5,4;6,3;7,150;8,5",0,0,1
119,12,防暴掷弹兵,10,h_grenader,"1,1;2,10;3,3;4,1;5,4;6,3;7,150;8,5",0,0,1
120,13,防暴散弹兵,1,h_hero,"1,1;2,10;3,3;4,1;5,4;6,3;7,150;8,5",0,0,2
121,13,防暴散弹兵,2,h_hero,"1,1;2,10;3,3;4,1;5,4;6,3;7,150;8,5",0,0,2
122,13,防暴散弹兵,3,h_hero,"1,1;2,10;3,3;4,1;5,4;6,3;7,150;8,5",0,0,2
123,13,防暴散弹兵,4,h_hero,"1,1;2,10;3,3;4,1;5,4;6,3;7,150;8,5",0,0,2
124,13,防暴散弹兵,5,h_hero,"1,1;2,10;3,3;4,1;5,4;6,3;7,150;8,5",0,0,2
125,13,防暴散弹兵,6,h_hero,"1,1;2,10;3,3;4,1;5,4;6,3;7,150;8,5",0,0,2
126,13,防暴散弹兵,7,h_hero,"1,1;2,10;3,3;4,1;5,4;6,3;7,150;8,5",0,0,2
127,13,防暴散弹兵,8,h_hero,"1,1;2,10;3,3;4,1;5,4;6,3;7,150;8,5",0,0,2
128,13,防暴散弹兵,9,h_hero,"1,1;2,10;3,3;4,1;5,4;6,3;7,150;8,5",0,0,2
129,13,防暴散弹兵,10,h_hero,"1,1;2,10;3,3;4,1;5,4;6,3;7,150;8,5",0,0,2
130,14,特战盾牌兵,1,h_ballisticshielder,"1,1;2,10;3,3;4,1;5,5;6,0.7;7,200;8,5",0,0,1
131,14,特战盾牌兵,2,h_ballisticshielder,"1,1;2,10;3,3;4,1;5,5;6,0.7;7,200;8,5",0,0,1
132,14,特战盾牌兵,3,h_ballisticshielder,"1,1;2,10;3,3;4,1;5,5;6,0.7;7,200;8,5",0,0,1
133,14,特战盾牌兵,4,h_ballisticshielder,"1,1;2,10;3,3;4,1;5,5;6,0.7;7,200;8,5",0,0,1
134,14,特战盾牌兵,5,h_ballisticshielder,"1,1;2,10;3,3;4,1;5,5;6,0.7;7,200;8,5",0,0,1
135,14,特战盾牌兵,6,h_ballisticshielder,"1,1;2,10;3,3;4,1;5,5;6,0.7;7,200;8,5",0,0,1
136,14,特战盾牌兵,7,h_ballisticshielder,"1,1;2,10;3,3;4,1;5,5;6,0.7;7,200;8,5",0,0,1
137,14,特战盾牌兵,8,h_ballisticshielder,"1,1;2,10;3,3;4,1;5,5;6,0.7;7,200;8,5",0,0,1
138,14,特战盾牌兵,9,h_ballisticshielder,"1,1;2,10;3,3;4,1;5,5;6,0.7;7,200;8,5",0,0,1
139,14,特战盾牌兵,10,h_ballisticshielder,"1,1;2,10;3,3;4,1;5,5;6,0.7;7,200;8,5",0,0,1
140,15,特战重枪兵,1,h_swat,"1,1;2,10;3,3;4,1;5,5;6,5;7,200;8,5",0,0,2
141,15,特战重枪兵,2,h_swat,"1,1;2,10;3,3;4,1;5,5;6,5;7,200;8,5",0,0,2
142,15,特战重枪兵,3,h_swat,"1,1;2,10;3,3;4,1;5,5;6,5;7,200;8,5",0,0,2
143,15,特战重枪兵,4,h_swat,"1,1;2,10;3,3;4,1;5,5;6,5;7,200;8,5",0,0,2
144,15,特战重枪兵,5,h_swat,"1,1;2,10;3,3;4,1;5,5;6,5;7,200;8,5",0,0,2
145,15,特战重枪兵,6,h_swat,"1,1;2,10;3,3;4,1;5,5;6,5;7,200;8,5",0,0,2
146,15,特战重枪兵,7,h_swat,"1,1;2,10;3,3;4,1;5,5;6,5;7,200;8,5",0,0,2
147,15,特战重枪兵,8,h_swat,"1,1;2,10;3,3;4,1;5,5;6,5;7,200;8,5",0,0,2
148,15,特战重枪兵,9,h_swat,"1,1;2,10;3,3;4,1;5,5;6,5;7,200;8,5",0,0,2
149,15,特战重枪兵,10,h_swat,"1,1;2,10;3,3;4,1;5,5;6,5;7,200;8,5",0,0,2
150,16,特战喷火兵,1,h_flamethrower,"1,1;2,10;3,3;4,1;5,5;6,3;7,200;8,5",0,0,2
151,16,特战喷火兵,2,h_flamethrower,"1,1;2,10;3,3;4,1;5,5;6,3;7,200;8,5",0,0,2
152,16,特战喷火兵,3,h_flamethrower,"1,1;2,10;3,3;4,1;5,5;6,3;7,200;8,5",0,0,2
153,16,特战喷火兵,4,h_flamethrower,"1,1;2,10;3,3;4,1;5,5;6,3;7,200;8,5",0,0,2
154,16,特战喷火兵,5,h_flamethrower,"1,1;2,10;3,3;4,1;5,5;6,3;7,200;8,5",0,0,2
155,16,特战喷火兵,6,h_flamethrower,"1,1;2,10;3,3;4,1;5,5;6,3;7,200;8,5",0,0,2
156,16,特战喷火兵,7,h_flamethrower,"1,1;2,10;3,3;4,1;5,5;6,3;7,200;8,5",0,0,2
157,16,特战喷火兵,8,h_flamethrower,"1,1;2,10;3,3;4,1;5,5;6,3;7,200;8,5",0,0,2
158,16,特战喷火兵,9,h_flamethrower,"1,1;2,10;3,3;4,1;5,5;6,3;7,200;8,5",0,0,2
159,16,特战喷火兵,10,h_flamethrower,"1,1;2,10;3,3;4,1;5,5;6,3;7,200;8,5",0,0,2
160,17,特战指挥官,1,h_soldiercap,"1,1;2,10;3,3;4,1;5,5;6,3;7,200;8,5",0,0,2
161,17,特战指挥官,2,h_soldiercap,"1,1;2,10;3,3;4,1;5,5;6,3;7,200;8,5",0,0,2
162,17,特战指挥官,3,h_soldiercap,"1,1;2,10;3,3;4,1;5,5;6,3;7,200;8,5",0,0,2
163,17,特战指挥官,4,h_soldiercap,"1,1;2,10;3,3;4,1;5,5;6,3;7,200;8,5",0,0,2
164,17,特战指挥官,5,h_soldiercap,"1,1;2,10;3,3;4,1;5,5;6,3;7,200;8,5",0,0,2
165,17,特战指挥官,6,h_soldiercap,"1,1;2,10;3,3;4,1;5,5;6,3;7,200;8,5",0,0,2
166,17,特战指挥官,7,h_soldiercap,"1,1;2,10;3,3;4,1;5,5;6,3;7,200;8,5",0,0,2
167,17,特战指挥官,8,h_soldiercap,"1,1;2,10;3,3;4,1;5,5;6,3;7,200;8,5",0,0,2
168,17,特战指挥官,9,h_soldiercap,"1,1;2,10;3,3;4,1;5,5;6,3;7,200;8,5",0,0,2
169,17,特战指挥官,10,h_soldiercap,"1,1;2,10;3,3;4,1;5,5;6,3;7,200;8,5",0,0,2
170,18,村夫,1,h_naked,"1,1;2,10;3,0;4,1;5,3;6,0.7;7,100;8,0",0,0,1
171,18,村夫,2,h_naked,"1,1;2,10;3,0;4,1;5,3;6,0.7;7,100;8,0",0,0,1
172,18,村夫,3,h_naked,"1,1;2,10;3,0;4,1;5,3;6,0.7;7,100;8,0",0,0,1
173,18,村夫,4,h_naked,"1,1;2,10;3,0;4,1;5,3;6,0.7;7,100;8,0",0,0,1
174,18,村夫,5,h_naked,"1,1;2,10;3,0;4,1;5,3;6,0.7;7,100;8,0",0,0,1
175,18,村夫,6,h_naked,"1,1;2,10;3,0;4,1;5,3;6,0.7;7,100;8,0",0,0,1
176,18,村夫,7,h_naked,"1,1;2,10;3,0;4,1;5,3;6,0.7;7,100;8,0",0,0,1
177,18,村夫,8,h_naked,"1,1;2,10;3,0;4,1;5,3;6,0.7;7,100;8,0",0,0,1
178,18,村夫,9,h_naked,"1,1;2,10;3,0;4,1;5,3;6,0.7;7,100;8,0",0,0,1
179,18,村夫,10,h_naked,"1,1;2,10;3,0;4,1;5,3;6,0.7;7,100;8,0",0,0,1
180,19,陆战队,1,h_cheechmarin,"1,1;2,15;3,0;4,1;5,3;6,0.7;7,150;8,0",0,0,1
181,19,陆战队,2,h_cheechmarin,"1,1;2,15;3,0;4,1;5,3;6,0.7;7,150;8,0",0,0,1
182,19,陆战队,3,h_cheechmarin,"1,1;2,15;3,0;4,1;5,3;6,0.7;7,150;8,0",0,0,1
183,19,陆战队,4,h_cheechmarin,"1,1;2,15;3,0;4,1;5,3;6,0.7;7,150;8,0",0,0,1
184,19,陆战队,5,h_cheechmarin,"1,1;2,15;3,0;4,1;5,3;6,0.7;7,150;8,0",0,0,1
185,19,陆战队,6,h_cheechmarin,"1,1;2,15;3,0;4,1;5,3;6,0.7;7,150;8,0",0,0,1
186,19,陆战队,7,h_cheechmarin,"1,1;2,15;3,0;4,1;5,3;6,0.7;7,150;8,0",0,0,1
187,19,陆战队,8,h_cheechmarin,"1,1;2,15;3,0;4,1;5,3;6,0.7;7,150;8,0",0,0,1
188,19,陆战队,9,h_cheechmarin,"1,1;2,15;3,0;4,1;5,3;6,0.7;7,150;8,0",0,0,1
189,19,陆战队,10,h_cheechmarin,"1,1;2,15;3,0;4,1;5,3;6,0.7;7,150;8,0",0,0,1
190,20,卡罗,1,h_carol,"1,1;2,15;3,0;4,1;5,4;6,0.7;7,150;8,0",0,0,1
191,20,卡罗,2,h_carol,"1,1;2,15;3,0;4,1;5,4;6,0.7;7,150;8,0",0,0,1
192,20,卡罗,3,h_carol,"1,1;2,15;3,0;4,1;5,4;6,0.7;7,150;8,0",0,0,1
193,20,卡罗,4,h_carol,"1,1;2,15;3,0;4,1;5,4;6,0.7;7,150;8,0",0,0,1
194,20,卡罗,5,h_carol,"1,1;2,15;3,0;4,1;5,4;6,0.7;7,150;8,0",0,0,1
195,20,卡罗,6,h_carol,"1,1;2,15;3,0;4,1;5,4;6,0.7;7,150;8,0",0,0,1
196,20,卡罗,7,h_carol,"1,1;2,15;3,0;4,1;5,4;6,0.7;7,150;8,0",0,0,1
197,20,卡罗,8,h_carol,"1,1;2,15;3,0;4,1;5,4;6,0.7;7,150;8,0",0,0,1
198,20,卡罗,9,h_carol,"1,1;2,15;3,0;4,1;5,4;6,0.7;7,150;8,0",0,0,1
199,20,卡罗,10,h_carol,"1,1;2,15;3,0;4,1;5,4;6,0.7;7,150;8,0",0,0,1
200,21,流氓,1,h_glenn,"1,1;2,5;3,0;4,0.5;5,3;6,0.7;7,100;8,0",0,0,1
201,21,流氓,2,h_glenn,"1,1;2,5;3,0;4,0.5;5,3;6,0.7;7,100;8,0",0,0,1
202,21,流氓,3,h_glenn,"1,1;2,5;3,0;4,0.5;5,3;6,0.7;7,100;8,0",0,0,1
203,21,流氓,4,h_glenn,"1,1;2,5;3,0;4,0.5;5,3;6,0.7;7,100;8,0",0,0,1
204,21,流氓,5,h_glenn,"1,1;2,5;3,0;4,0.5;5,3;6,0.7;7,100;8,0",0,0,1
205,21,流氓,6,h_glenn,"1,1;2,5;3,0;4,0.5;5,3;6,0.7;7,100;8,0",0,0,1
206,21,流氓,7,h_glenn,"1,1;2,5;3,0;4,0.5;5,3;6,0.7;7,100;8,0",0,0,1
207,21,流氓,8,h_glenn,"1,1;2,5;3,0;4,0.5;5,3;6,0.7;7,100;8,0",0,0,1
208,21,流氓,9,h_glenn,"1,1;2,5;3,0;4,0.5;5,3;6,0.7;7,100;8,0",0,0,1
209,21,流氓,10,h_glenn,"1,1;2,5;3,0;4,0.5;5,3;6,0.7;7,100;8,0",0,0,1
210,22,机械师,1,h_mechanic,"1,1;2,10;3,0;4,0.5;5,3;6,0.7;7,150;8,0",0,0,1
211,22,机械师,2,h_mechanic,"1,1;2,10;3,0;4,0.5;5,3;6,0.7;7,150;8,0",0,0,1
212,22,机械师,3,h_mechanic,"1,1;2,10;3,0;4,0.5;5,3;6,0.7;7,150;8,0",0,0,1
213,22,机械师,4,h_mechanic,"1,1;2,10;3,0;4,0.5;5,3;6,0.7;7,150;8,0",0,0,1
214,22,机械师,5,h_mechanic,"1,1;2,10;3,0;4,0.5;5,3;6,0.7;7,150;8,0",0,0,1
215,22,机械师,6,h_mechanic,"1,1;2,10;3,0;4,0.5;5,3;6,0.7;7,150;8,0",0,0,1
216,22,机械师,7,h_mechanic,"1,1;2,10;3,0;4,0.5;5,3;6,0.7;7,150;8,0",0,0,1
217,22,机械师,8,h_mechanic,"1,1;2,10;3,0;4,0.5;5,3;6,0.7;7,150;8,0",0,0,1
218,22,机械师,9,h_mechanic,"1,1;2,10;3,0;4,0.5;5,3;6,0.7;7,150;8,0",0,0,1
219,22,机械师,10,h_mechanic,"1,1;2,10;3,0;4,0.5;5,3;6,0.7;7,150;8,0",0,0,1
220,23,建筑师,1,h_builder,"1,1;2,10;3,0;4,0.5;5,4;6,0.7;7,150;8,0",0,0,1
221,23,建筑师,2,h_builder,"1,1;2,10;3,0;4,0.5;5,4;6,0.7;7,150;8,0",0,0,1
222,23,建筑师,3,h_builder,"1,1;2,10;3,0;4,0.5;5,4;6,0.7;7,150;8,0",0,0,1
223,23,建筑师,4,h_builder,"1,1;2,10;3,0;4,0.5;5,4;6,0.7;7,150;8,0",0,0,1
224,23,建筑师,5,h_builder,"1,1;2,10;3,0;4,0.5;5,4;6,0.7;7,150;8,0",0,0,1
225,23,建筑师,6,h_builder,"1,1;2,10;3,0;4,0.5;5,4;6,0.7;7,150;8,0",0,0,1
226,23,建筑师,7,h_builder,"1,1;2,10;3,0;4,0.5;5,4;6,0.7;7,150;8,0",0,0,1
227,23,建筑师,8,h_builder,"1,1;2,10;3,0;4,0.5;5,4;6,0.7;7,150;8,0",0,0,1
228,23,建筑师,9,h_builder,"1,1;2,10;3,0;4,0.5;5,4;6,0.7;7,150;8,0",0,0,1
229,23,建筑师,10,h_builder,"1,1;2,10;3,0;4,0.5;5,4;6,0.7;7,150;8,0",0,0,1
230,24,伐木工,1,h_chopper,"1,0.5;2,10;3,0;4,1;5,3;6,0.7;7,250;8,0",0,0,1
231,24,伐木工,2,h_chopper,"1,0.5;2,10;3,0;4,1;5,3;6,0.7;7,250;8,0",0,0,1
232,24,伐木工,3,h_chopper,"1,0.5;2,10;3,0;4,1;5,3;6,0.7;7,250;8,0",0,0,1
233,24,伐木工,4,h_chopper,"1,0.5;2,10;3,0;4,1;5,3;6,0.7;7,250;8,0",0,0,1
234,24,伐木工,5,h_chopper,"1,0.5;2,10;3,0;4,1;5,3;6,0.7;7,250;8,0",0,0,1
235,24,伐木工,6,h_chopper,"1,0.5;2,10;3,0;4,1;5,3;6,0.7;7,250;8,0",0,0,1
236,24,伐木工,7,h_chopper,"1,0.5;2,10;3,0;4,1;5,3;6,0.7;7,250;8,0",0,0,1
237,24,伐木工,8,h_chopper,"1,0.5;2,10;3,0;4,1;5,3;6,0.7;7,250;8,0",0,0,1
238,24,伐木工,9,h_chopper,"1,0.5;2,10;3,0;4,1;5,3;6,0.7;7,250;8,0",0,0,1
239,24,伐木工,10,h_chopper,"1,0.5;2,10;3,0;4,1;5,3;6,0.7;7,250;8,0",0,0,1
240,25,消防员,1,h_firefighter,"1,0.5;2,10;3,0;4,1;5,3;6,0.7;7,100;8,0",0,0,1
241,25,消防员,2,h_firefighter,"1,0.5;2,10;3,0;4,1;5,3;6,0.7;7,100;8,0",0,0,1
242,25,消防员,3,h_firefighter,"1,0.5;2,10;3,0;4,1;5,3;6,0.7;7,100;8,0",0,0,1
243,25,消防员,4,h_firefighter,"1,0.5;2,10;3,0;4,1;5,3;6,0.7;7,100;8,0",0,0,1
244,25,消防员,5,h_firefighter,"1,0.5;2,10;3,0;4,1;5,3;6,0.7;7,100;8,0",0,0,1
245,25,消防员,6,h_firefighter,"1,0.5;2,10;3,0;4,1;5,3;6,0.7;7,100;8,0",0,0,1
246,25,消防员,7,h_firefighter,"1,0.5;2,10;3,0;4,1;5,3;6,0.7;7,100;8,0",0,0,1
247,25,消防员,8,h_firefighter,"1,0.5;2,10;3,0;4,1;5,3;6,0.7;7,100;8,0",0,0,1
248,25,消防员,9,h_firefighter,"1,0.5;2,10;3,0;4,1;5,3;6,0.7;7,100;8,0",0,0,1
249,25,消防员,10,h_firefighter,"1,0.5;2,10;3,0;4,1;5,3;6,0.7;7,100;8,0",0,0,1
250,26,电焊工,1,h_welder,"1,1.5;2,10;3,0;4,1;5,4;6,0.7;7,150;8,0",0,0,1
251,26,电焊工,2,h_welder,"1,1.5;2,10;3,0;4,1;5,4;6,0.7;7,150;8,0",0,0,1
252,26,电焊工,3,h_welder,"1,1.5;2,10;3,0;4,1;5,4;6,0.7;7,150;8,0",0,0,1
253,26,电焊工,4,h_welder,"1,1.5;2,10;3,0;4,1;5,4;6,0.7;7,150;8,0",0,0,1
254,26,电焊工,5,h_welder,"1,1.5;2,10;3,0;4,1;5,4;6,0.7;7,150;8,0",0,0,1
255,26,电焊工,6,h_welder,"1,1.5;2,10;3,0;4,1;5,4;6,0.7;7,150;8,0",0,0,1
256,26,电焊工,7,h_welder,"1,1.5;2,10;3,0;4,1;5,4;6,0.7;7,150;8,0",0,0,1
257,26,电焊工,8,h_welder,"1,1.5;2,10;3,0;4,1;5,4;6,0.7;7,150;8,0",0,0,1
258,26,电焊工,9,h_welder,"1,1.5;2,10;3,0;4,1;5,4;6,0.7;7,150;8,0",0,0,1
259,26,电焊工,10,h_welder,"1,1.5;2,10;3,0;4,1;5,4;6,0.7;7,150;8,0",0,0,1
260,27,农民,1,h_farmer,"1,1;2,10;3,0;4,1;5,3;6,3;7,100;8,0",0,0,2
261,27,农民,2,h_farmer,"1,1;2,10;3,0;4,1;5,3;6,3;7,100;8,0",0,0,2
262,27,农民,3,h_farmer,"1,1;2,10;3,0;4,1;5,3;6,3;7,100;8,0",0,0,2
263,27,农民,4,h_farmer,"1,1;2,10;3,0;4,1;5,3;6,3;7,100;8,0",0,0,2
264,27,农民,5,h_farmer,"1,1;2,10;3,0;4,1;5,3;6,3;7,100;8,0",0,0,2
265,27,农民,6,h_farmer,"1,1;2,10;3,0;4,1;5,3;6,3;7,100;8,0",0,0,2
266,27,农民,7,h_farmer,"1,1;2,10;3,0;4,1;5,3;6,3;7,100;8,0",0,0,2
267,27,农民,8,h_farmer,"1,1;2,10;3,0;4,1;5,3;6,3;7,100;8,0",0,0,2
268,27,农民,9,h_farmer,"1,1;2,10;3,0;4,1;5,3;6,3;7,100;8,0",0,0,2
269,27,农民,10,h_farmer,"1,1;2,10;3,0;4,1;5,3;6,3;7,100;8,0",0,0,2
270,28,警察,1,h_cop,"1,1;2,15;3,0;4,1;5,3;6,3;7,150;8,0",0,0,2
271,28,警察,2,h_cop,"1,1;2,15;3,0;4,1;5,3;6,3;7,150;8,0",0,0,2
272,28,警察,3,h_cop,"1,1;2,15;3,0;4,1;5,3;6,3;7,150;8,0",0,0,2
273,28,警察,4,h_cop,"1,1;2,15;3,0;4,1;5,3;6,3;7,150;8,0",0,0,2
274,28,警察,5,h_cop,"1,1;2,15;3,0;4,1;5,3;6,3;7,150;8,0",0,0,2
275,28,警察,6,h_cop,"1,1;2,15;3,0;4,1;5,3;6,3;7,150;8,0",0,0,2
276,28,警察,7,h_cop,"1,1;2,15;3,0;4,1;5,3;6,3;7,150;8,0",0,0,2
277,28,警察,8,h_cop,"1,1;2,15;3,0;4,1;5,3;6,3;7,150;8,0",0,0,2
278,28,警察,9,h_cop,"1,1;2,15;3,0;4,1;5,3;6,3;7,150;8,0",0,0,2
279,28,警察,10,h_cop,"1,1;2,15;3,0;4,1;5,3;6,3;7,150;8,0",0,0,2
280,29,狙击兵,1,h_sniper,"1,1;2,20;3,0;4,1;5,4;6,5;7,150;8,0",0,0,2
281,29,狙击兵,2,h_sniper,"1,1;2,20;3,0;4,1;5,4;6,5;7,150;8,0",0,0,2
282,29,狙击兵,3,h_sniper,"1,1;2,20;3,0;4,1;5,4;6,5;7,150;8,0",0,0,2
283,29,狙击兵,4,h_sniper,"1,1;2,20;3,0;4,1;5,4;6,5;7,150;8,0",0,0,2
284,29,狙击兵,5,h_sniper,"1,1;2,20;3,0;4,1;5,4;6,5;7,150;8,0",0,0,2
285,29,狙击兵,6,h_sniper,"1,1;2,20;3,0;4,1;5,4;6,5;7,150;8,0",0,0,2
286,29,狙击兵,7,h_sniper,"1,1;2,20;3,0;4,1;5,4;6,5;7,150;8,0",0,0,2
287,29,狙击兵,8,h_sniper,"1,1;2,20;3,0;4,1;5,4;6,5;7,150;8,0",0,0,2
288,29,狙击兵,9,h_sniper,"1,1;2,20;3,0;4,1;5,4;6,5;7,150;8,0",0,0,2
289,29,狙击兵,10,h_sniper,"1,1;2,20;3,0;4,1;5,4;6,5;7,150;8,0",0,0,2
290,30,卡洛斯,1,h_carlos,"1,1;2,5;3,0;4,0.5;5,3;6,5;7,100;8,0",0,0,2
291,30,卡洛斯,2,h_carlos,"1,1;2,5;3,0;4,0.5;5,3;6,5;7,100;8,0",0,0,2
292,30,卡洛斯,3,h_carlos,"1,1;2,5;3,0;4,0.5;5,3;6,5;7,100;8,0",0,0,2
293,30,卡洛斯,4,h_carlos,"1,1;2,5;3,0;4,0.5;5,3;6,5;7,100;8,0",0,0,2
294,30,卡洛斯,5,h_carlos,"1,1;2,5;3,0;4,0.5;5,3;6,5;7,100;8,0",0,0,2
295,30,卡洛斯,6,h_carlos,"1,1;2,5;3,0;4,0.5;5,3;6,5;7,100;8,0",0,0,2
296,30,卡洛斯,7,h_carlos,"1,1;2,5;3,0;4,0.5;5,3;6,5;7,100;8,0",0,0,2
297,30,卡洛斯,8,h_carlos,"1,1;2,5;3,0;4,0.5;5,3;6,5;7,100;8,0",0,0,2
298,30,卡洛斯,9,h_carlos,"1,1;2,5;3,0;4,0.5;5,3;6,5;7,100;8,0",0,0,2
299,30,卡洛斯,10,h_carlos,"1,1;2,5;3,0;4,0.5;5,3;6,5;7,100;8,0",0,0,2
300,31,桑娅,1,h_sonya,"1,1;2,10;3,0;4,0.5;5,3;6,5;7,150;8,0",0,0,2
301,31,桑娅,2,h_sonya,"1,1;2,10;3,0;4,0.5;5,3;6,5;7,150;8,0",0,0,2
302,31,桑娅,3,h_sonya,"1,1;2,10;3,0;4,0.5;5,3;6,5;7,150;8,0",0,0,2
303,31,桑娅,4,h_sonya,"1,1;2,10;3,0;4,0.5;5,3;6,5;7,150;8,0",0,0,2
304,31,桑娅,5,h_sonya,"1,1;2,10;3,0;4,0.5;5,3;6,5;7,150;8,0",0,0,2
305,31,桑娅,6,h_sonya,"1,1;2,10;3,0;4,0.5;5,3;6,5;7,150;8,0",0,0,2
306,31,桑娅,7,h_sonya,"1,1;2,10;3,0;4,0.5;5,3;6,5;7,150;8,0",0,0,2
307,31,桑娅,8,h_sonya,"1,1;2,10;3,0;4,0.5;5,3;6,5;7,150;8,0",0,0,2
308,31,桑娅,9,h_sonya,"1,1;2,10;3,0;4,0.5;5,3;6,5;7,150;8,0",0,0,2
309,31,桑娅,10,h_sonya,"1,1;2,10;3,0;4,0.5;5,3;6,5;7,150;8,0",0,0,2
310,32,警卫,1,h_jailerrifle,"1,1;2,15;3,0;4,0.5;5,4;6,5;7,150;8,0",0,0,2
311,32,警卫,2,h_jailerrifle,"1,1;2,15;3,0;4,0.5;5,4;6,5;7,150;8,0",0,0,2
312,32,警卫,3,h_jailerrifle,"1,1;2,15;3,0;4,0.5;5,4;6,5;7,150;8,0",0,0,2
313,32,警卫,4,h_jailerrifle,"1,1;2,15;3,0;4,0.5;5,4;6,5;7,150;8,0",0,0,2
314,32,警卫,5,h_jailerrifle,"1,1;2,15;3,0;4,0.5;5,4;6,5;7,150;8,0",0,0,2
315,32,警卫,6,h_jailerrifle,"1,1;2,15;3,0;4,0.5;5,4;6,5;7,150;8,0",0,0,2
316,32,警卫,7,h_jailerrifle,"1,1;2,15;3,0;4,0.5;5,4;6,5;7,150;8,0",0,0,2
317,32,警卫,8,h_jailerrifle,"1,1;2,15;3,0;4,0.5;5,4;6,5;7,150;8,0",0,0,2
318,32,警卫,9,h_jailerrifle,"1,1;2,15;3,0;4,0.5;5,4;6,5;7,150;8,0",0,0,2
319,32,警卫,10,h_jailerrifle,"1,1;2,15;3,0;4,0.5;5,4;6,5;7,150;8,0",0,0,2
320,33,辣椒甜心,1,h_judi,"1,1.5;2,5;3,0;4,1;5,3;6,3;7,100;8,0",0,0,2
321,33,辣椒甜心,2,h_judi,"1,1.5;2,5;3,0;4,1;5,3;6,3;7,100;8,0",0,0,2
322,33,辣椒甜心,3,h_judi,"1,1.5;2,5;3,0;4,1;5,3;6,3;7,100;8,0",0,0,2
323,33,辣椒甜心,4,h_judi,"1,1.5;2,5;3,0;4,1;5,3;6,3;7,100;8,0",0,0,2
324,33,辣椒甜心,5,h_judi,"1,1.5;2,5;3,0;4,1;5,3;6,3;7,100;8,0",0,0,2
325,33,辣椒甜心,6,h_judi,"1,1.5;2,5;3,0;4,1;5,3;6,3;7,100;8,0",0,0,2
326,33,辣椒甜心,7,h_judi,"1,1.5;2,5;3,0;4,1;5,3;6,3;7,100;8,0",0,0,2
327,33,辣椒甜心,8,h_judi,"1,1.5;2,5;3,0;4,1;5,3;6,3;7,100;8,0",0,0,2
328,33,辣椒甜心,9,h_judi,"1,1.5;2,5;3,0;4,1;5,3;6,3;7,100;8,0",0,0,2
329,33,辣椒甜心,10,h_judi,"1,1.5;2,5;3,0;4,1;5,3;6,3;7,100;8,0",0,0,2
330,34,女警,1,h_charlotte,"1,1.5;2,10;3,0;4,1;5,3;6,3;7,150;8,0",0,0,2
331,34,女警,2,h_charlotte,"1,1.5;2,10;3,0;4,1;5,3;6,3;7,150;8,0",0,0,2
332,34,女警,3,h_charlotte,"1,1.5;2,10;3,0;4,1;5,3;6,3;7,150;8,0",0,0,2
333,34,女警,4,h_charlotte,"1,1.5;2,10;3,0;4,1;5,3;6,3;7,150;8,0",0,0,2
334,34,女警,5,h_charlotte,"1,1.5;2,10;3,0;4,1;5,3;6,3;7,150;8,0",0,0,2
335,34,女警,6,h_charlotte,"1,1.5;2,10;3,0;4,1;5,3;6,3;7,150;8,0",0,0,2
336,34,女警,7,h_charlotte,"1,1.5;2,10;3,0;4,1;5,3;6,3;7,150;8,0",0,0,2
337,34,女警,8,h_charlotte,"1,1.5;2,10;3,0;4,1;5,3;6,3;7,150;8,0",0,0,2
338,34,女警,9,h_charlotte,"1,1.5;2,10;3,0;4,1;5,3;6,3;7,150;8,0",0,0,2
339,34,女警,10,h_charlotte,"1,1.5;2,10;3,0;4,1;5,3;6,3;7,150;8,0",0,0,2
340,100,僵尸1,1,z_cheechmarin,"1,1;2,10;3,0;4,1;5,3;6,0.7;7,50;8,0",0,0,1
350,101,僵尸2,1,z_builder,"1,1;2,15;3,0;4,1;5,3;6,0.7;7,75;8,0",0,0,1
360,102,僵尸3,1,z_bulletproof,"1,1;2,15;3,0;4,1;5,4;6,0.7;7,75;8,0",0,0,1
361,200,障碍物,1,Obstacle,"1,1;2,15;3,0;4,1;5,4;6,0.7;7,75;8,1",0,0,0
