索引,唯一ID(int),名称,等级,模型ID(string),属性,技能冷却,"攻击类型[远程，爆炸,增益,防御道具,等等](1,2,3,..)"
index,ID,name,level,resname,attribute,CD,attackType
0,1,爆炸油桶,1,prop_1,"2,80;3,100;6,1;7,50",1,2
1,1,爆炸油桶,2,prop_1,"2,80;3,100;6,1;7,50",1,2
2,1,爆炸油桶,3,prop_1,"2,80;3,100;6,1;7,50",1,2
3,1,爆炸油桶,4,prop_1,"2,80;3,100;6,1;7,50",1,2
4,1,爆炸油桶,5,prop_1,"2,80;3,100;6,1;7,50",1,2
5,1,爆炸油桶,6,prop_1,"2,80;3,100;6,1;7,50",1,2
6,1,爆炸油桶,7,prop_1,"2,80;3,100;6,1;7,50",1,2
7,1,爆炸油桶,8,prop_1,"2,80;3,100;6,1;7,50",1,2
8,1,爆炸油桶,9,prop_1,"2,80;3,100;6,1;7,50",1,2
9,1,爆炸油桶,10,prop_1,"2,80;3,100;6,1;7,50",1,2
10,2,医疗包,1,prop_2,"6,1;10,100;",1,3
11,2,医疗包,2,prop_2,"6,1;10,100;",1,3
12,2,医疗包,3,prop_2,"6,1;10,100;",1,3
13,2,医疗包,4,prop_2,"6,1;10,100;",1,3
14,2,医疗包,5,prop_2,"6,1;10,100;",1,3
15,2,医疗包,6,prop_2,"6,1;10,100;",1,3
16,2,医疗包,7,prop_2,"6,1;10,100;",1,3
17,2,医疗包,8,prop_2,"6,1;10,100;",1,3
18,2,医疗包,9,prop_2,"6,1;10,100;",1,3
19,2,医疗包,10,prop_2,"6,1;10,100;",1,3
20,3,液氮瓶,1,prop_3,"2,5;3,100;4,0.5;5,10;6,1;9,5",1,2
21,3,液氮瓶,2,prop_3,"2,5;3,100;4,0.5;5,10;6,1;9,5",1,2
22,3,液氮瓶,3,prop_3,"2,5;3,100;4,0.5;5,10;6,1;9,5",1,2
23,3,液氮瓶,4,prop_3,"2,5;3,100;4,0.5;5,10;6,1;9,5",1,2
24,3,液氮瓶,5,prop_3,"2,5;3,100;4,0.5;5,10;6,1;9,5",1,2
25,3,液氮瓶,6,prop_3,"2,5;3,100;4,0.5;5,10;6,1;9,5",1,2
26,3,液氮瓶,7,prop_3,"2,5;3,100;4,0.5;5,10;6,1;9,5",1,2
27,3,液氮瓶,8,prop_3,"2,5;3,100;4,0.5;5,10;6,1;9,5",1,2
28,3,液氮瓶,9,prop_3,"2,5;3,100;4,0.5;5,10;6,1;9,5",1,2
29,3,液氮瓶,10,prop_3,"2,5;3,100;4,0.5;5,10;6,1;9,5",1,2
30,4,燃烧瓶,1,prop_4,"2,10;3,5;4,0.2;5,10;6,1;9,2",1,2
31,4,燃烧瓶,2,prop_4,"2,10;3,5;4,0.2;5,10;6,1;9,2",1,2
32,4,燃烧瓶,3,prop_4,"2,10;3,5;4,0.2;5,10;6,1;9,2",1,2
33,4,燃烧瓶,4,prop_4,"2,10;3,5;4,0.2;5,10;6,1;9,2",1,2
34,4,燃烧瓶,5,prop_4,"2,10;3,5;4,0.2;5,10;6,1;9,2",1,2
35,4,燃烧瓶,6,prop_4,"2,10;3,5;4,0.2;5,10;6,1;9,2",1,2
36,4,燃烧瓶,7,prop_4,"2,10;3,5;4,0.2;5,10;6,1;9,2",1,2
37,4,燃烧瓶,8,prop_4,"2,10;3,5;4,0.2;5,10;6,1;9,2",1,2
38,4,燃烧瓶,9,prop_4,"2,10;3,5;4,0.2;5,10;6,1;9,2",1,2
39,4,燃烧瓶,10,prop_4,"2,10;3,5;4,0.2;5,10;6,1;9,2",1,2
40,5,机枪塔,1,prop_5,"2,5;3,5;4,0.2;5,50;6,5;7,50",1,1
41,5,机枪塔,2,prop_5,"2,5;3,5;4,0.2;5,50;6,5;7,50",1,1
42,5,机枪塔,3,prop_5,"2,5;3,5;4,0.2;5,50;6,5;7,50",1,1
43,5,机枪塔,4,prop_5,"2,5;3,5;4,0.2;5,50;6,5;7,50",1,1
44,5,机枪塔,5,prop_5,"2,5;3,5;4,0.2;5,50;6,5;7,50",1,1
45,5,机枪塔,6,prop_5,"2,5;3,5;4,0.2;5,50;6,5;7,50",1,1
46,5,机枪塔,7,prop_5,"2,5;3,5;4,0.2;5,50;6,5;7,50",1,1
47,5,机枪塔,8,prop_5,"2,5;3,5;4,0.2;5,50;6,5;7,50",1,1
48,5,机枪塔,9,prop_5,"2,5;3,5;4,0.2;5,50;6,5;7,50",1,1
49,5,机枪塔,10,prop_5,"2,5;3,5;4,0.2;5,50;6,5;7,50",1,1
